{
	"info": {
		"_postman_id": "bb28d39e-8204-4d2b-96e6-700d369c9efb",
		"name": "Sprint I",
		"schema": "https://schema.getpostman.com/json/collection/v2.1.0/collection.json",
		"_exporter_id": "32839231",
		"_collection_link": "https://martian-zodiac-126471.postman.co/workspace/Team-Workspace~ad1aebf9-1b45-41dc-86bf-f0560a1e8e8f/collection/32843065-bb28d39e-8204-4d2b-96e6-700d369c9efb?action=share&source=collection_link&creator=32839231"
	},
	"item": [
		{
			"name": "US 0001 | Follow",
			"request": {
				"method": "POST",
				"header": [],
				"url": {
					"raw": "localhost:8080/users/2/follow/7",
					"host": [
						"localhost"
					],
					"port": "8080",
					"path": [
						"users",
						"2",
						"follow",
						"7"
					]
				}
			},
			"response": []
		},
		{
			"name": "US 0002 | Followers Count",
			"request": {
				"method": "GET",
				"header": [],
				"url": {
					"raw": "localhost:8080/users/6/followers/count",
					"host": [
						"localhost"
					],
					"port": "8080",
					"path": [
						"users",
						"6",
						"followers",
						"count"
					]
				}
			},
			"response": []
		},
		{
			"name": "US 0003 | Followers List",
			"request": {
				"method": "GET",
				"header": [],
				"url": {
					"raw": "localhost:8080/users/10/followers/list",
					"host": [
						"localhost"
					],
					"port": "8080",
					"path": [
						"users",
						"10",
						"followers",
						"list"
					]
				}
			},
			"response": []
		},
		{
			"name": "US 0004 | Followed List",
			"request": {
				"method": "GET",
				"header": [],
				"url": {
					"raw": "localhost:8080/users/1/followed/list",
					"host": [
						"localhost"
					],
					"port": "8080",
					"path": [
						"users",
						"1",
						"followed",
						"list"
					]
				}
			},
			"response": []
		},
		{
			"name": "US 0005 | Create Post",
			"request": {
				"method": "POST",
				"header": [],
				"body": {
					"mode": "raw",
					"raw": "{\n    \"user_id\": 123,\n    \"date\": \"29-04-2021\",\n    \"product\": {\n        \"product_id\": 1,\n        \"product_name\": \"Silla Gamer\",\n        \"type\": \"Gamer\",\n        \"brand\": \"Racer\",\n        \"color\": \"Red & Black\",\n        \"notes\": \"Special Edition\"\n    },\n    \"category\": 100,\n    \"price\": 1500.50\n}",
					"options": {
						"raw": {
							"language": "json"
						}
					}
				},
				"url": {
					"raw": "localhost:8080/products/post",
					"host": [
						"localhost"
					],
					"port": "8080",
					"path": [
						"products",
						"post"
					]
				}
			},
			"response": []
		},
		{
			"name": "US 0006 | Followed Sellers Recent Posts",
			"request": {
				"method": "GET",
				"header": [],
				"url": {
					"raw": "localhost:8080/products/followed/5/list",
					"host": [
						"localhost"
					],
					"port": "8080",
					"path": [
						"products",
						"followed",
						"5",
						"list"
					]
				}
			},
			"response": []
		},
		{
			"name": "US 0007 | Unfollow",
			"request": {
				"method": "POST",
				"header": [],
				"url": {
					"raw": "localhost:8080/users/9/unfollow/6",
					"host": [
						"localhost"
					],
					"port": "8080",
					"path": [
						"users",
						"9",
						"unfollow",
						"6"
					]
				}
			},
			"response": []
		},
		{
			"name": "US 0008#1 | Order followers list by name",
			"request": {
				"method": "GET",
				"header": [],
				"url": {
					"raw": "localhost:8080/users/7/followers/list?order=name_desc",
					"host": [
						"localhost"
					],
					"port": "8080",
					"path": [
						"users",
						"7",
						"followers",
						"list"
					],
					"query": [
						{
							"key": "order",
							"value": "name_desc"
						}
					]
				}
			},
			"response": []
		},
		{
			"name": "US 0008#2 | Order followed list by name",
			"request": {
				"method": "GET",
				"header": [],
				"url": {
					"raw": "localhost:8080/users/9/followed/list?order=name_asc",
					"host": [
						"localhost"
					],
					"port": "8080",
					"path": [
						"users",
						"9",
						"followed",
						"list"
					],
					"query": [
						{
							"key": "order",
							"value": "name_asc"
						}
					]
				}
			},
			"response": []
		},
		{
			"name": "US 0009 | Order followed posts by date",
			"request": {
				"method": "GET",
				"header": [],
				"url": {
					"raw": "localhost:8080/products/followed/1/list?order=date_asc",
					"host": [
						"localhost"
					],
					"port": "8080",
					"path": [
						"products",
						"followed",
						"1",
						"list"
					],
					"query": [
						{
							"key": "order",
							"value": "date_asc"
						}
					]
				}
			},
			"response": []
		}
	]
}