{
	"info": {
		"_postman_id": "595eaa65-8a3d-4785-91c2-b483dc8751e5",
		"name": "be_java_hisp_w25_g08_renamed",
		"schema": "https://schema.getpostman.com/json/collection/v2.1.0/collection.json",
		"_exporter_id": "32956126"
	},
	"item": [
		{
			"name": "0001_follow",
			"request": {
				"method": "POST",
				"header": [],
				"url": {
					"raw": "http://localhost:8081/users/:buyerId/follow/:sellerId",
					"protocol": "http",
					"host": [
						"localhost"
					],
					"port": "8081",
					"path": [
						"users",
						":buyerId",
						"follow",
						":sellerId"
					],
					"variable": [
						{
							"key": "buyerId",
							"value": ""
						},
						{
							"key": "sellerId",
							"value": ""
						}
					]
				}
			},
			"response": []
		},
		{
			"name": "0002_countFollowers",
			"request": {
				"method": "GET",
				"header": [],
				"url": {
					"raw": "localhost:8081/users/1/followers/count",
					"host": [
						"localhost"
					],
					"port": "8081",
					"path": [
						"users",
						"1",
						"followers",
						"count"
					]
				}
			},
			"response": []
		},
		{
			"name": "0004 list followed sellers",
			"request": {
				"method": "GET",
				"header": [],
				"url": {
					"raw": "localhost:8081/users/1/followed/list",
					"host": [
						"localhost"
					],
					"port": "8081",
					"path": [
						"users",
						"1",
						"followed",
						"list"
					]
				}
			},
			"response": []
		},
		{
			"name": "0003_followers",
			"request": {
				"method": "GET",
				"header": [],
				"url": {
					"raw": "http://localhost:8081/users/1/followers/list?order=name_asc",
					"protocol": "http",
					"host": [
						"localhost"
					],
					"port": "8081",
					"path": [
						"users",
						"1",
						"followers",
						"list"
					],
					"query": [
						{
							"key": "order",
							"value": "name_asc"
						}
					]
				}
			},
			"response": []
		},
		{
			"name": "0005_add post",
			"request": {
				"method": "POST",
				"header": [],
				"body": {
					"mode": "raw",
					"raw": "{\n    \"userId\": 1,\n    \"date\": \"22-02-2022\",\n    \"product\": {\n        \"productId\": 123,\n        \"productName\": \"Silla gamer #2\",\n        \"type\": \"Gamer\",\n        \"brand\": \"Racer\",\n        \"color\": \"Blue & Green\",\n        \"notes\": \"Cheap Edition\"\n    },\n    \"category\": 1,\n    \"price\": 200000\n}",
					"options": {
						"raw": {
							"language": "json"
						}
					}
				},
				"url": {
					"raw": "localhost:8081/products/post",
					"host": [
						"localhost"
					],
					"port": "8081",
					"path": [
						"products",
						"post"
					]
				}
			},
			"response": []
		},
		{
			"name": "006_009_returnFollowdsPost",
			"request": {
				"method": "GET",
				"header": [],
				"url": {
					"raw": "http://localhost:8081/products/followed/1/list?order=date_desc",
					"protocol": "http",
					"host": [
						"localhost"
					],
					"port": "8081",
					"path": [
						"products",
						"followed",
						"1",
						"list"
					],
					"query": [
						{
							"key": "order",
							"value": "date_desc"
						}
					]
				}
			},
			"response": []
		},
		{
			"name": "0007_unfollow",
			"request": {
				"method": "POST",
				"header": [],
				"url": {
					"raw": "http://localhost:8081/users/:buyerId/unfollow/:sellerId",
					"protocol": "http",
					"host": [
						"localhost"
					],
					"port": "8081",
					"path": [
						"users",
						":buyerId",
						"unfollow",
						":sellerId"
					],
					"variable": [
						{
							"key": "buyerId",
							"value": ""
						},
						{
							"key": "sellerId",
							"value": ""
						}
					]
				}
			},
			"response": []
		},
		{
			"name": "0010_promo_post",
			"request": {
				"method": "POST",
				"header": [],
				"body": {
					"mode": "raw",
					"raw": "{\n    \"userId\": 1,\n    \"date\": \"22-02-2022\",\n    \"product\": {\n        \"productId\": 128,\n        \"productName\": \"Silla gamer #2\",\n        \"type\": \"Gamer\",\n        \"brand\": \"Racer\",\n        \"color\": \"Blue & Green\",\n        \"notes\": \"Cheap Edition\"\n    },\n    \"category\": 1,\n    \"price\": 200000,\n    \"hasPromo\": true,\n    \"discount\": 0.5\n}",
					"options": {
						"raw": {
							"language": "json"
						}
					}
				},
				"url": {
					"raw": "localhost:8081/products/promo-post",
					"host": [
						"localhost"
					],
					"port": "8081",
					"path": [
						"products",
						"promo-post"
					]
				}
			},
			"response": []
		},
		{
			"name": "0011_get_promo_post_count",
			"request": {
				"method": "GET",
				"header": [],
				"url": {
					"raw": "localhost:8081/products/promo-post/count?user_id=1",
					"host": [
						"localhost"
					],
					"port": "8081",
					"path": [
						"products",
						"promo-post",
						"count"
					],
					"query": [
						{
							"key": "user_id",
							"value": "1"
						}
					]
				}
			},
			"response": []
		}
	],
	"variable": [
		{
			"key": "buyerId",
			"value": "1"
		}
	]
}