{
	"info": {
		"_postman_id": "377a569f-3692-4e00-b893-ca4fb76a21b0",
		"name": "Sprint 1 - G03",
		"schema": "https://schema.getpostman.com/json/collection/v2.1.0/collection.json",
		"_exporter_id": "32552755",
		"_collection_link": "https://martian-astronaut-918938.postman.co/workspace/New-Team-Workspace~beca436b-48bc-4649-94f2-826a8dc61ea6/collection/32552755-377a569f-3692-4e00-b893-ca4fb76a21b0?action=share&source=collection_link&creator=32552755"
	},
	"item": [
		{
			"name": "US_0001",
			"item": [
				{
					"name": "Follow Ventor - OK",
					"request": {
						"method": "POST",
						"header": [],
						"url": {
							"raw": "localhost:8080/users/1/follow/9",
							"host": [
								"localhost"
							],
							"port": "8080",
							"path": [
								"users",
								"1",
								"follow",
								"9"
							]
						}
					},
					"response": []
				},
				{
					"name": "Already following",
					"request": {
						"method": "POST",
						"header": [],
						"url": {
							"raw": "localhost:8080/users/1/follow/10",
							"host": [
								"localhost"
							],
							"port": "8080",
							"path": [
								"users",
								"1",
								"follow",
								"10"
							]
						}
					},
					"response": []
				},
				{
					"name": "UserNotFound Id 1111",
					"request": {
						"method": "POST",
						"header": [],
						"url": {
							"raw": "localhost:8080/users/1111/follow/10",
							"host": [
								"localhost"
							],
							"port": "8080",
							"path": [
								"users",
								"1111",
								"follow",
								"10"
							]
						}
					},
					"response": []
				},
				{
					"name": "VentorNotFound Id 1111",
					"request": {
						"method": "POST",
						"header": [],
						"url": {
							"raw": "localhost:8080/users/1/follow/1111",
							"host": [
								"localhost"
							],
							"port": "8080",
							"path": [
								"users",
								"1",
								"follow",
								"1111"
							]
						}
					},
					"response": []
				}
			]
		},
		{
			"name": "US_0002",
			"item": [
				{
					"name": "GetUserFollowersCount - OK",
					"request": {
						"method": "GET",
						"header": [],
						"url": {
							"raw": "localhost:8080/users/10/followers/count",
							"host": [
								"localhost"
							],
							"port": "8080",
							"path": [
								"users",
								"10",
								"followers",
								"count"
							]
						}
					},
					"response": []
				},
				{
					"name": "UserNotFoundException",
					"request": {
						"method": "GET",
						"header": [],
						"url": {
							"raw": "localhost:8080/users/1111/followers/count",
							"host": [
								"localhost"
							],
							"port": "8080",
							"path": [
								"users",
								"1111",
								"followers",
								"count"
							]
						}
					},
					"response": []
				},
				{
					"name": "UserIsNotVendorException",
					"request": {
						"method": "GET",
						"header": [],
						"url": {
							"raw": "localhost:8080/users/1/followers/count",
							"host": [
								"localhost"
							],
							"port": "8080",
							"path": [
								"users",
								"1",
								"followers",
								"count"
							]
						}
					},
					"response": []
				}
			]
		},
		{
			"name": "US_0003",
			"item": [
				{
					"name": "Get User followers - OK",
					"request": {
						"method": "GET",
						"header": [],
						"url": {
							"raw": "localhost:8080/users/10/followers/list",
							"host": [
								"localhost"
							],
							"port": "8080",
							"path": [
								"users",
								"10",
								"followers",
								"list"
							]
						}
					},
					"response": []
				},
				{
					"name": "InvalidDataException - order",
					"request": {
						"method": "GET",
						"header": [],
						"url": {
							"raw": "localhost:8080/users/10/followers/list?order=sddas",
							"host": [
								"localhost"
							],
							"port": "8080",
							"path": [
								"users",
								"10",
								"followers",
								"list"
							],
							"query": [
								{
									"key": "order",
									"value": "sddas"
								}
							]
						}
					},
					"response": []
				},
				{
					"name": "GetUserfollowers - ASC - OK",
					"request": {
						"method": "GET",
						"header": [],
						"url": {
							"raw": "localhost:8080/users/8/followers/list?order=name_asc",
							"host": [
								"localhost"
							],
							"port": "8080",
							"path": [
								"users",
								"8",
								"followers",
								"list"
							],
							"query": [
								{
									"key": "order",
									"value": "name_asc"
								}
							]
						}
					},
					"response": []
				},
				{
					"name": "GetUserfollowers - DESC - OK",
					"request": {
						"method": "GET",
						"header": [],
						"url": {
							"raw": "localhost:8080/users/8/followers/list?order=name_desc",
							"host": [
								"localhost"
							],
							"port": "8080",
							"path": [
								"users",
								"8",
								"followers",
								"list"
							],
							"query": [
								{
									"key": "order",
									"value": "name_desc"
								}
							]
						}
					},
					"response": []
				},
				{
					"name": "UserNotFoundException",
					"request": {
						"method": "GET",
						"header": [],
						"url": {
							"raw": "localhost:8080/users/1111/followers/list",
							"host": [
								"localhost"
							],
							"port": "8080",
							"path": [
								"users",
								"1111",
								"followers",
								"list"
							]
						}
					},
					"response": []
				},
				{
					"name": "UserIsNotVendorException",
					"request": {
						"method": "GET",
						"header": [],
						"url": {
							"raw": "localhost:8080/users/1/followers/list",
							"host": [
								"localhost"
							],
							"port": "8080",
							"path": [
								"users",
								"1",
								"followers",
								"list"
							]
						}
					},
					"response": []
				}
			]
		},
		{
			"name": "US_0004",
			"item": [
				{
					"name": "Get User Followed - OK",
					"request": {
						"method": "GET",
						"header": [],
						"url": {
							"raw": "localhost:8080/users/1/followed/list",
							"host": [
								"localhost"
							],
							"port": "8080",
							"path": [
								"users",
								"1",
								"followed",
								"list"
							]
						}
					},
					"response": []
				},
				{
					"name": "InvalidDataException - order",
					"request": {
						"method": "GET",
						"header": [],
						"url": {
							"raw": "localhost:8080/users/10/followed/list?order=sddas",
							"host": [
								"localhost"
							],
							"port": "8080",
							"path": [
								"users",
								"10",
								"followed",
								"list"
							],
							"query": [
								{
									"key": "order",
									"value": "sddas"
								}
							]
						}
					},
					"response": []
				},
				{
					"name": "GetUserFollowed - ASC - OK",
					"request": {
						"method": "GET",
						"header": [],
						"url": {
							"raw": "localhost:8080/users/1/followed/list?order=name_asc",
							"host": [
								"localhost"
							],
							"port": "8080",
							"path": [
								"users",
								"1",
								"followed",
								"list"
							],
							"query": [
								{
									"key": "order",
									"value": "name_asc"
								}
							]
						}
					},
					"response": []
				},
				{
					"name": "GetUserFollowed - DESC - OK",
					"request": {
						"method": "GET",
						"header": [],
						"url": {
							"raw": "localhost:8080/users/1/followed/list?order=name_desc",
							"host": [
								"localhost"
							],
							"port": "8080",
							"path": [
								"users",
								"1",
								"followed",
								"list"
							],
							"query": [
								{
									"key": "order",
									"value": "name_desc"
								}
							]
						}
					},
					"response": []
				},
				{
					"name": "UserNotFoundException",
					"request": {
						"method": "GET",
						"header": [],
						"url": {
							"raw": "localhost:8080/users/1111/followed/list",
							"host": [
								"localhost"
							],
							"port": "8080",
							"path": [
								"users",
								"1111",
								"followed",
								"list"
							]
						}
					},
					"response": []
				}
			]
		},
		{
			"name": "US_0005",
			"item": [
				{
					"name": "Create new Post - OK",
					"request": {
						"method": "POST",
						"header": [],
						"body": {
							"mode": "raw",
							"raw": "{\n\n    \"user_id\": 10,\n    \"date\": \"15-02-2024\",\n    \"product\": {\n        \"product_id\": 1,\n        \"product_name\": \"Silla Gamer\",\n        \"type\": \"Gamer\",\n        \"brand\": \"Racer\",\n        \"color\": \"Red & Black\",\n        \"notes\": \"Special Edition\"\n    },\n    \"category\": 100,\n    \"price\": 1500.50\n\n}",
							"options": {
								"raw": {
									"language": "json"
								}
							}
						},
						"url": {
							"raw": "localhost:8080/products/post",
							"host": [
								"localhost"
							],
							"port": "8080",
							"path": [
								"products",
								"post"
							]
						}
					},
					"response": []
				},
				{
					"name": "Create new Post - NegativeId",
					"request": {
						"method": "POST",
						"header": [],
						"body": {
							"mode": "raw",
							"raw": "{\n\n    \"user_id\": -1,\n    \"date\": \"29-04-2021\",\n    \"product\": {\n        \"product_id\": 1,\n        \"product_name\": \"Silla Gamer\",\n        \"type\": \"Gamer\",\n        \"brand\": \"Racer\",\n        \"color\": \"Red & Black\",\n        \"notes\": \"Special Edition\"\n    },\n    \"category\": 100,\n    \"price\": 1500.50\n\n}",
							"options": {
								"raw": {
									"language": "json"
								}
							}
						},
						"url": {
							"raw": "localhost:8080/products/post",
							"host": [
								"localhost"
							],
							"port": "8080",
							"path": [
								"products",
								"post"
							]
						}
					},
					"response": []
				},
				{
					"name": "InvalidDataException - Id",
					"request": {
						"method": "POST",
						"header": [],
						"body": {
							"mode": "raw",
							"raw": "{\n\n    \"user_id\": 1111,\n    \"date\": \"29-04-2021\",\n    \"product\": {\n        \"product_id\": 1,\n        \"product_name\": \"Silla Gamer\",\n        \"type\": \"Gamer\",\n        \"brand\": \"Racer\",\n        \"color\": \"Red & Black\",\n        \"notes\": \"Special Edition\"\n    },\n    \"category\": 100,\n    \"price\": 1500.50\n\n}",
							"options": {
								"raw": {
									"language": "json"
								}
							}
						},
						"url": {
							"raw": "localhost:8080/products/post",
							"host": [
								"localhost"
							],
							"port": "8080",
							"path": [
								"products",
								"post"
							]
						}
					},
					"response": []
				},
				{
					"name": "InvalidDataException - category",
					"request": {
						"method": "POST",
						"header": [],
						"body": {
							"mode": "raw",
							"raw": "{\n\n    \"user_id\": 10,\n    \"date\": \"29-04-2021\",\n    \"product\": {\n        \"product_id\": 1,\n        \"product_name\": \"Silla Gamer\",\n        \"type\": \"Gamer\",\n        \"brand\": \"Racer\",\n        \"color\": \"Red & Black\",\n        \"notes\": \"Special Edition\"\n    },\n    \"category\": 0,\n    \"price\": 1500.50\n\n}",
							"options": {
								"raw": {
									"language": "json"
								}
							}
						},
						"url": {
							"raw": "localhost:8080/products/post",
							"host": [
								"localhost"
							],
							"port": "8080",
							"path": [
								"products",
								"post"
							]
						}
					},
					"response": []
				},
				{
					"name": "InvalidDataException - price",
					"request": {
						"method": "POST",
						"header": [],
						"body": {
							"mode": "raw",
							"raw": "{\n\n    \"user_id\": 10,\n    \"date\": \"29-04-2021\",\n    \"product\": {\n        \"product_id\": 1,\n        \"product_name\": \"Silla Gamer\",\n        \"type\": \"Gamer\",\n        \"brand\": \"Racer\",\n        \"color\": \"Red & Black\",\n        \"notes\": \"Special Edition\"\n    },\n    \"category\": 100,\n    \"price\": 0\n\n}",
							"options": {
								"raw": {
									"language": "json"
								}
							}
						},
						"url": {
							"raw": "localhost:8080/products/post",
							"host": [
								"localhost"
							],
							"port": "8080",
							"path": [
								"products",
								"post"
							]
						}
					},
					"response": []
				},
				{
					"name": "CreateNewPost - PROMO-FALSE",
					"request": {
						"method": "POST",
						"header": [],
						"body": {
							"mode": "raw",
							"raw": "{\n\n    \"user_id\": 10,\n    \"date\": \"15-02-2024\",\n    \"product\": {\n        \"product_id\": 1,\n        \"product_name\": \"Silla Gamer\",\n        \"type\": \"Gamer\",\n        \"brand\": \"Racer\",\n        \"color\": \"Red & Black\",\n        \"notes\": \"Special Edition\"\n    },\n    \"category\": 100,\n    \"price\": 1500.50\n\n}",
							"options": {
								"raw": {
									"language": "json"
								}
							}
						},
						"url": {
							"raw": "localhost:8080/products/post",
							"host": [
								"localhost"
							],
							"port": "8080",
							"path": [
								"products",
								"post"
							]
						}
					},
					"response": []
				}
			]
		},
		{
			"name": "US_0006",
			"item": [
				{
					"name": "Get the last products of followed vendors - OK",
					"request": {
						"method": "GET",
						"header": [],
						"url": {
							"raw": "localhost:8080/products/followed/1/list?order=date_asc",
							"host": [
								"localhost"
							],
							"port": "8080",
							"path": [
								"products",
								"followed",
								"1",
								"list"
							],
							"query": [
								{
									"key": "order",
									"value": "date_desc",
									"disabled": true
								},
								{
									"key": "order",
									"value": "date_asc"
								}
							]
						}
					},
					"response": []
				},
				{
					"name": "InvalidDataException - order",
					"request": {
						"method": "GET",
						"header": [],
						"url": {
							"raw": "localhost:8080/products/followed/1/list?order=ssdas",
							"host": [
								"localhost"
							],
							"port": "8080",
							"path": [
								"products",
								"followed",
								"1",
								"list"
							],
							"query": [
								{
									"key": "order",
									"value": "date_desc",
									"disabled": true
								},
								{
									"key": "order",
									"value": "ssdas"
								}
							]
						}
					},
					"response": []
				},
				{
					"name": "Get the last products of followed vendors - OK asc",
					"request": {
						"method": "GET",
						"header": [],
						"url": {
							"raw": "localhost:8080/products/followed/1/list?order=date_asc",
							"host": [
								"localhost"
							],
							"port": "8080",
							"path": [
								"products",
								"followed",
								"1",
								"list"
							],
							"query": [
								{
									"key": "order",
									"value": "date_asc"
								}
							]
						}
					},
					"response": []
				},
				{
					"name": "Get the last products of followed vendors - OK desc",
					"request": {
						"method": "GET",
						"header": [],
						"url": {
							"raw": "localhost:8080/products/followed/1/list?order=date_desc",
							"host": [
								"localhost"
							],
							"port": "8080",
							"path": [
								"products",
								"followed",
								"1",
								"list"
							],
							"query": [
								{
									"key": "order",
									"value": "date_desc"
								}
							]
						}
					},
					"response": []
				},
				{
					"name": "UserNotFound",
					"request": {
						"method": "GET",
						"header": [],
						"url": {
							"raw": "localhost:8080/products/followed/1111/list",
							"host": [
								"localhost"
							],
							"port": "8080",
							"path": [
								"products",
								"followed",
								"1111",
								"list"
							],
							"query": [
								{
									"key": "order",
									"value": "date_desc",
									"disabled": true
								}
							]
						}
					},
					"response": []
				}
			]
		},
		{
			"name": "US_0007",
			"item": [
				{
					"name": "Unfollow - OK",
					"request": {
						"method": "POST",
						"header": [],
						"url": {
							"raw": "localhost:8080/users/2/unfollow/8",
							"host": [
								"localhost"
							],
							"port": "8080",
							"path": [
								"users",
								"2",
								"unfollow",
								"8"
							]
						}
					},
					"response": []
				},
				{
					"name": "UserNotFound - IdUser",
					"request": {
						"method": "POST",
						"header": [],
						"url": {
							"raw": "localhost:8080/users/1111/unfollow/10",
							"host": [
								"localhost"
							],
							"port": "8080",
							"path": [
								"users",
								"1111",
								"unfollow",
								"10"
							]
						}
					},
					"response": []
				},
				{
					"name": "UserNotFound - IdUserToUnfollow",
					"request": {
						"method": "POST",
						"header": [],
						"url": {
							"raw": "localhost:8080/users/1/unfollow/1111",
							"host": [
								"localhost"
							],
							"port": "8080",
							"path": [
								"users",
								"1",
								"unfollow",
								"1111"
							]
						}
					},
					"response": []
				},
				{
					"name": "UserFollowException",
					"request": {
						"method": "POST",
						"header": [],
						"url": {
							"raw": "localhost:8080/users/1/unfollow/6",
							"host": [
								"localhost"
							],
							"port": "8080",
							"path": [
								"users",
								"1",
								"unfollow",
								"6"
							]
						}
					},
					"response": []
				}
			]
		},
		{
			"name": "US_0010",
			"item": [
				{
					"name": "Create new PromotionalPost - OK",
					"request": {
						"method": "POST",
						"header": [],
						"body": {
							"mode": "raw",
							"raw": "{\n    \"user_id\": 10,\n    \"date\": \"15-02-2024\",\n    \"product\": {\n        \"product_id\": 1,\n        \"product_name\": \"Silla Gamer\",\n        \"type\": \"Gamer\",\n        \"brand\": \"Racer\",\n        \"color\": \"Red & Black\",\n        \"notes\": \"Special Edition\"\n    },\n    \"category\": 100,\n    \"price\": 1500.50,\n    \"has_promo\": true,\n    \"discount\": 0.25\n}",
							"options": {
								"raw": {
									"language": "json"
								}
							}
						},
						"url": {
							"raw": "localhost:8080/products/promo-post",
							"host": [
								"localhost"
							],
							"port": "8080",
							"path": [
								"products",
								"promo-post"
							]
						}
					},
					"response": []
				}
			]
		},
		{
			"name": "US_0011",
			"item": [
				{
					"name": "Get the quantity of promoted publication for one user",
					"request": {
						"method": "GET",
						"header": [],
						"url": {
							"raw": "localhost:8080/products/promo-post/count?user_id=10",
							"host": [
								"localhost"
							],
							"port": "8080",
							"path": [
								"products",
								"promo-post",
								"count"
							],
							"query": [
								{
									"key": "user_id",
									"value": "10"
								}
							]
						}
					},
					"response": []
				}
			]
		},
		{
			"name": "US_0012",
			"item": [
				{
					"name": "localhost:8080/products/promo-post/list?user_id=10",
					"request": {
						"method": "GET",
						"header": [],
						"url": {
							"raw": "localhost:8080/products/promo-post/list?user_id=10",
							"host": [
								"localhost"
							],
							"port": "8080",
							"path": [
								"products",
								"promo-post",
								"list"
							],
							"query": [
								{
									"key": "user_id",
									"value": "10"
								}
							]
						}
					},
					"response": []
				}
			]
		}
	]
}